steps,time,reward,delta,converged
1,0.0013243725799156891,255.0,125.25,False
2,0.0017598567766299311,255.0,0,True
