steps,time,reward,delta,converged
1,0.010305000000016662,-190.9301929778677,144.85317906638534,False
2,0.012019000000009328,471.82802602264604,26.243838900488374,False
3,0.011826000000013437,508.6579902419565,0.689491500344829,False
4,0.011605000000002974,509.2095812780487,0.2757954996411416,False
5,0.011908999999974412,509.76646503580923,0.11031709788192257,False
6,0.011595999999997275,509.83388880226596,0.04412573348387605,False
7,0.01169899999999302,509.8608563889958,0.01764917848876002,False
8,0.011751000000003842,509.87155118963335,0.00705853340096918,False
9,0.011684999999999945,509.87155118963335,2.7487790816849156e-06,True
