steps,time,reward,delta,converged
1,0.008245999999999754,-98.20141152379979,138.91254629212534,False
2,0.010197999999988383,301.3466581740454,12.880529569532788,False
3,0.009816000000000713,313.22901491420276,0.10518367071131718,False
4,0.009754999999998404,313.29212426775393,0.031554670595091094,False
5,0.009777999999997178,313.3340975090324,0.009465970207670704,False
6,0.009613999999999123,313.3379419230173,0.0028393589162689636,False
7,0.009840999999994438,313.3390946010165,0.0008513716115967629,False
8,0.009788000000000352,313.3394370188237,0.00025496236268995887,False
9,0.009746000000006916,313.3394370188237,1.4348907058092664e-06,True
