steps,time,reward,delta,converged
1,0.05881300000001488,-4198.684773180406,201.83052458312196,False
2,0.0885849999999948,13364.370811953537,483.0797957729446,False
3,0.08734300000000417,14546.042512257365,536.755328636605,False
4,0.08685799999997812,15512.202088128379,483.07978757767785,False
5,0.08700699999999983,19719.923597717596,434.77180061220304,False
6,0.0857469999999978,21033.890892700543,391.29461232945334,False
7,0.08688300000000027,22216.461429189974,352.1651428596203,False
8,0.08653000000001043,23683.51928071082,316.9486203197058,False
9,0.08619099999998525,23683.51928071082,8.98145009387008e-06,True
