steps,time,reward,delta,converged
1,0.007492000000013377,-31.49808336111164,133.77031541611314,False
2,0.008372000000008484,188.676037757763,5.0419199180800005,False
3,0.00808399999999665,191.3772779630727,0.008079897598361807,False
4,0.008172000000001844,191.38050976030917,0.0016158975918081353,False
5,0.007927999999992608,191.3817687477715,0.0003230975590400309,False
6,0.007825999999994337,191.3818472186511,6.453739519995949e-05,False
7,0.008099999999998886,191.38186280658533,1.2824576000047827e-05,False
8,0.007908999999997945,191.38186580754433,2.4780799998680436e-06,False
9,0.008118000000010284,191.38186580754433,4.0960000546874653e-07,True
