steps,time,reward,delta,converged
1,0.036873000000014144,-1709.2578510407789,183.78214032855865,False
2,0.07796600000000353,4818.000735607533,116.35200000000003,False
3,0.0765299999999911,5345.049386152785,132.38269292962548,False
4,0.06408400000000825,5556.861684342525,105.90614890201849,False
5,0.06427899999999909,6277.362366037196,84.72491366750972,False
6,0.051109999999994216,6468.772868584725,67.7799254643738,False
7,0.0686409999999853,6621.901253713385,54.223934882453904,False
8,0.06187300000001983,6757.7300154683935,43.379142392654046,False
9,0.07853699999998298,6757.7300154683935,6.739986702086753e-06,True
