steps,time,reward,delta,converged
1,0.047254000000009455,-1709.2578510407789,183.78214032855865,False
2,0.0575240000000008,4818.000735607533,116.35200000000003,False
3,0.04413399999998546,5345.049386152785,132.38269292962548,False
4,0.04809699999998429,5556.861684342525,105.90614890201849,False
5,0.04242999999999597,6277.362366037196,84.72491366750972,False
6,0.05725000000001046,6468.772868584725,67.7799254643738,False
7,0.05306099999998537,6621.901253713385,54.223934882453904,False
8,0.06307100000000787,6757.7300154683935,43.379142392654046,False
9,0.06154000000000792,6757.7300154683935,6.739986702086753e-06,True
