steps,time,reward,delta,converged
1,0.005582000000003973,18.439086222500833,129.25732308214725,False
2,0.006706000000008316,111.38138144359404,1.1221099900000002,False
3,0.006516000000004851,111.64170089003848,0.00011221111110004678,False
4,0.006343999999998573,111.6417233124828,1.1211110999997942e-05,False
5,0.0067059999999941056,111.6417271367259,1.1111100000071872e-06,False
6,0.006536999999994464,111.641727247937,1.0109999992735652e-07,False
7,0.006292999999999438,111.641727247937,1.000000082740371e-07,False
8,0.006444000000001893,111.641727248048,1.000000082740371e-07,False
9,0.006303000000002612,111.641727248048,1.000000082740371e-07,True
