steps,time,reward,delta,converged
1,0.025759999999991123,-917.7161633933787,170.5357670745605,False
2,0.027570999999994683,2161.7920886491092,125.35816632966316,False
3,0.027474999999981264,2612.8336207392417,39.60848440283563,False
4,0.027686000000016975,2668.285491733244,27.725935390246388,False
5,0.02761300000000233,2813.186758516928,19.408151072261745,False
6,0.027177999999992153,2845.6022399486787,13.585702036569389,False
7,0.027096999999997706,2868.29306694325,9.509987692866023,False
8,0.027359999999987394,2885.0899738561106,6.656987625532645,False
9,0.02734200000000442,2885.0899738561106,5.2433383359584695e-06,True
