steps,time,reward,delta,converged
1,0.0027840000000054488,57.0,125.25,False
2,0.002651000000000181,57.0,0,True
