steps,time,reward,delta,converged
1,0.021222999999992,-917.7161633933787,170.5357670745605,False
2,0.02709900000002108,2161.7920886491092,125.35816632966316,False
3,0.027024999999980537,2612.8336207392417,39.60848440283563,False
4,0.027414000000021588,2668.285491733244,27.725935390246388,False
5,0.027022000000016533,2813.186758516928,19.408151072261745,False
6,0.02673599999999965,2845.6022399486787,13.585702036569389,False
7,0.03484800000001087,2868.29306694325,9.509987692866023,False
8,0.045506000000017366,2885.0899738561106,6.656987625532645,False
9,0.04471599999999398,2885.0899738561106,5.2433383359584695e-06,True
