steps,time,reward,delta,converged
1,0.015200999999990472,-541.1868310690173,160.20605967643468,False
2,0.01973499999999717,1220.650764483563,79.119357134882,False
3,0.01987900000000309,1434.939697822044,11.780632827922016,False
4,0.020342000000013627,1449.0764516023303,7.068376821733361,False
5,0.0204130000000049,1476.863644113366,4.241023211418938,False
6,0.02109900000000664,1482.0342916555298,2.5446110342282307,False
7,0.022576000000000818,1485.1366734230003,1.5267637095770508,False
8,0.022531000000000745,1487.0376691274025,0.9160552842250842,False
9,0.02207999999998833,1487.0376691274025,4.775196671857884e-06,True
