steps,time,reward,delta,converged
1,0.011343000000000103,0.8502969592391334,0.09377839930788329,False
2,0.013743000000001615,0.9460673642489696,1.4405727526624226e-06,False
3,0.013732999999998441,0.9460678195200234,1.4405934247022946e-06,False
4,0.012779999999999347,0.9460678224445729,1.4405950148592287e-06,True
