steps,time,reward,delta,converged
1,0.010859999999999204,0.7439132015298437,0.08796429849834309,False
2,0.009835999999999956,0.7753627265662426,7.38055513217848e-07,True
