steps,time,reward,delta,converged
1,0.014618000000000464,0.7925022538211022,0.09069408681111618,False
2,0.01127099999999892,0.8500454494472693,4.218433333333374e-07,False
3,0.011400999999999328,0.8500456619202026,3.9899299999999484e-07,False
4,0.011228000000000904,0.8500456650978241,3.9900033333331694e-07,True
