steps,time,reward,delta,converged
1,0.014970000000001704,1.007421134181226,0.10139218856287091,False
2,0.019467000000002344,1.2569476468113463,4.300194575006602e-06,False
3,0.019438000000000955,1.256952057094939,4.300194649385636e-06,False
4,0.019121999999999417,1.256952057094939,4.300194649385636e-06,True
