steps,time,reward,delta,converged
1,0.009456000000000131,0.7024544846453958,0.08552639192103956,False
2,0.008002000000000287,0.7155793900139884,1.5379515317770053e-07,True
