steps,time,reward,delta,converged
1,0.0090849999999989,0.7925022538211022,0.09069408681111618,False
2,0.011552000000000007,0.8500454494472693,4.218433333333374e-07,False
3,0.011632999999999782,0.8500456619202026,3.9899299999999484e-07,False
4,0.011381999999999337,0.8500456650978241,3.9900033333331694e-07,True
