steps,time,reward,delta,converged
1,0.014867999999999881,0.9203627551837815,0.09730355937067448,False
2,0.014986999999997863,1.0745706637603762,2.501451756517003e-06,False
3,0.014836999999999989,1.0745712273113945,2.502360382347761e-06,False
4,0.01487200000000044,1.0745712300932782,2.502360382347761e-06,True
