steps,time,reward,delta,converged
1,0.011739000000002164,0.8502969592391334,0.09377839930788329,False
2,0.01208300000000051,0.9460673642489696,1.4405727526624226e-06,False
3,0.012942999999999927,0.9460678195200234,1.4405934247022946e-06,False
4,0.012054000000002674,0.9460678224445729,1.4405950148592287e-06,True
