steps,time,reward,delta,converged
1,0.0316180000000017,1.5004634614815948,0.11942565514916226,False
2,0.05900799999999862,3.612825673325892,0.00015529939535375583,False
3,0.06958700000000562,3.615221876169414,2.1322174714534124e-05,False
4,0.059442999999994584,3.6153958282814633,7.034015567756666e-06,True
