steps,time,reward,delta,converged
1,0.007495000000000029,0.6666666666666666,0.08333333333333331,False
2,0.006371999999999822,0.6666666666666666,0,True
