steps,time,reward,delta,converged
1,0.0063909999999998135,0.6666666666666666,0.08333333333333331,False
2,0.005797000000000274,0.6666666666666666,0,True
