steps,time,reward,delta,converged
1,0.13802100000000905,1.596896862121709,0.11810831592888693,False
2,0.2142199999999974,2.8505105946232163,0.00020614337132123656,False
3,0.2093320000000034,2.851392895850076,3.873487323934727e-06,False
4,0.20985499999999035,2.8513961516478363,3.873487323934727e-06,False
5,0.2010789999999929,2.8513962109155147,3.873487323934727e-06,False
6,0.2028839999999974,2.8513962324551203,3.873487323934727e-06,False
7,0.21097600000000227,2.851396235741006,3.873487323934727e-06,False
8,0.2013419999999968,2.851396235741006,3.873487323934727e-06,True
