steps,time,reward,delta,converged
1,0.03735799999999756,0.6666666666666666,0.08333333333333331,False
2,0.03376199999999585,0.6666666666666666,0,True
