steps,time,reward,delta,converged
1,0.09052899999998942,1.1422770537336626,0.10400968379462205,False
2,0.10835400000000561,1.5017646761756915,3.3242202627549455e-06,False
3,0.10876199999999869,1.501766294730001,3.3242757519987877e-06,False
4,0.10857000000000028,1.5017664279227088,3.3242757519987877e-06,False
5,0.10947199999999668,1.5017664279227088,3.3242757519987877e-06,True
