steps,time,reward,delta,converged
1,0.0920290000000108,1.1422770537336626,0.10400968379462205,False
2,0.11064600000000269,1.5017646761756915,3.3242202627549455e-06,False
3,0.10965700000001277,1.501766294730001,3.3242757519987877e-06,False
4,0.14214400000000182,1.5017664279227088,3.3242757519987877e-06,False
5,0.17898499999999729,1.5017664279227088,3.3242757519987877e-06,True
