steps,time,reward,delta,converged
1,0.07736199999999371,1.0105064899482312,0.09896683944339912,False
2,0.088830999999999,1.2263878426085908,2.7985271491198565e-06,False
3,0.08956799999999987,1.2263885719210172,2.798682170848058e-06,False
4,0.08948600000000795,1.2263885719210172,2.798682170848058e-06,True
