steps,time,reward,delta,converged
1,0.03222799999999637,0.6666666666666666,0.08333333333333331,False
2,0.030661999999999523,0.6666666666666666,0,True
