steps,time,reward,delta,converged
1,0.1323990000000066,1.596896862121709,0.11810831592888693,False
2,0.202313999999987,2.8505105946232163,0.00020614337132123656,False
3,0.20693899999999132,2.851392895850076,3.873487323934727e-06,False
4,0.20267499999999927,2.8513961516478363,3.873487323934727e-06,False
5,0.20412599999998804,2.8513962109155147,3.873487323934727e-06,False
6,0.20475200000001337,2.8513962324551203,3.873487323934727e-06,False
7,0.20243800000000078,2.851396235741006,3.873487323934727e-06,False
8,0.2052150000000097,2.851396235741006,3.873487323934727e-06,True
