steps,time,reward,delta,converged
1,0.18216200000000526,2.066423210556835,0.1287955675577402,False
2,0.36804999999999666,5.562979037322058,0.0028316800531068415,False
3,0.4056989999999985,5.591534387243111,8.511855485352697e-06,False
4,0.39278600000000097,5.591597611301502,8.511855485352697e-06,False
5,0.3717280000000045,5.5916047991318685,8.511855485352697e-06,False
6,0.3937880000000007,5.591605169481164,8.511855485352697e-06,False
7,0.368148000000005,5.5916051737344725,8.511855485352697e-06,True
