steps,time,reward,delta,converged
1,0.1168349999999947,1.3242873227905905,0.11020962797013001,False
2,0.17157500000000425,1.954757460592838,3.2840480678652173e-06,False
3,0.16814800000000218,1.9547682591753615,3.2842999173142277e-06,False
4,0.14481999999999573,1.9547683026461704,3.2842999173142277e-06,False
5,0.14379399999999976,1.9547683028319267,3.2842999173142277e-06,False
6,0.14435100000000034,1.9547683028412632,3.2842999173142277e-06,True
