steps,time,reward,delta,converged
1,0.0012279999999975644,57.0,100.0,False
2,0.0009279999999876054,57.0,0,True
