steps,time,reward,delta,converged
1,0.002037999999998874,0.6666666666666666,0.3333333333333333,False
2,0.0016119999999943957,0.6666666666666666,0,True
