steps,time,reward,delta,converged
1,0.011182999999988397,0.6666666666666666,0.3333333333333333,False
2,0.012255000000010341,0.6666666666666666,0,True
